seller_id,origin,lead_type,business_segment,order_count,gmv,avg_review_score,avg_order_value,delivery_rate
7d13fca15225358621be4086e1eb0964,unknown,online_big,watches,565,122261.02,4.0,216.39,98.76
ba90964cff9b9e0e6f32b23b82465f7b,organic_search,,small_appliances,38,45523.5,4.42,1197.99,100.0
c70c1b0d8ca86052f45a432a38b73958,paid_search,online_medium,health_beauty,261,40476.28,4.3,155.08,99.62
612170e34b97004b3ba37eae81836b4c,organic_search,online_big,home_appliances,107,25372.08,4.43,237.12,100.0
6061155addc1e54b4cfb51c1c2a32ad8,organic_search,online_small,pet,28,16513.31,4.7,589.76,100.0
70c27847eca8195c983ed7e798c56743,social,online_small,pet,77,13529.18,4.2,175.7,100.0
c510bc1718f0f2961eaa42a23330681a,unknown,online_big,baby,13,13211.87,4.0,1016.3,92.31
8a432f4e5b471f8da497d7dc517666e2,organic_search,online_big,bed_bath_table,95,9520.11,4.2,100.21,100.0
4bfc7a4a1cf8d4d2121c27422d9e50b5,paid_search,online_big,home_decor,26,9191.59,4.22,353.52,100.0
cc63f0dd2acba93ffed4fe9f8e0321fa,social,online_beginner,home_office_furniture,55,8496.68,4.05,154.49,100.0
dbdd0ec73a4817971d962698f2fea022,direct_traffic,online_big,health_beauty,16,8174.8,4.38,510.92,100.0
8476243f92442881ddd5b578975cf115,unknown,online_big,audio_video_electronics,12,8113.03,4.08,676.09,100.0
516e7738bd8f735ac19a010ee5450d8d,paid_search,online_small,health_beauty,76,8109.32,4.55,106.7,97.37
58f1a6197ed863543e0136bdedb3fce2,paid_search,online_medium,fashion_accessories,44,7903.6900000000005,4.16,179.63,100.0
ade45994b717ccee333492330fbf037b,social,online_big,audio_video_electronics,10,7479.63,4.5,747.96,100.0
ba143b05f0110f0dc71ad71b4466ce92,paid_search,online_big,books,85,7453.59,4.42,87.69,97.65
5670f4db5b62c43d542e1b2d56b0cf7c,paid_search,online_big,health_beauty,22,7212.650000000001,4.41,327.85,100.0
02f623a8eb246f3c5f7c2f96462654e6,organic_search,online_medium,sports_leisure,44,7207.63,4.56,163.81,100.0
33dd941c27854f7625b968cc6195a552,email,online_medium,household_utilities,5,7168.41,4.4,1433.68,100.0
a63bfbaa882c8f4542891b4e2246cc7f,referral,online_big,health_beauty,7,7036.19,4.43,1005.17,85.71
dfa0c4c6229ab200a4a1336b4d7128ff,paid_search,online_medium,home_decor,77,6544.21,4.01,84.99,100.0
d566c37fa119d5e66c4e9052e83ee4ea,organic_search,online_big,sports_leisure,65,6124.92,4.72,94.23,100.0
4d0041cdbe51b4617d95c70b19decc74,organic_search,industry,car_accessories,8,5465.490000000001,4.5,683.19,100.0
65febd49fd28ec955651299159b1f527,organic_search,online_big,household_utilities,35,5301.139999999999,4.22,151.46,94.29
1fe5540d7c1c37a595fefbacd5570d9e,paid_search,online_medium,computers,20,5118.75,4.28,255.94,100.0
382229d1e840115ffe3dbf5ff460e417,organic_search,online_big,household_utilities,46,4966.62,4.27,107.97,97.83
271c58a1d139c45eaf3316107c6d3a3b,organic_search,online_beginner,bags_backpacks,29,4568.71,4.07,157.54,93.1
42fa4ee7240e9b8eb4576358ec142ba7,unknown,online_medium,household_utilities,22,4364.469999999999,4.81,198.38,100.0
594f9aaa48e5bf431f011ddc5669b0d5,paid_search,online_medium,bags_backpacks,37,4136.41,4.58,111.79,100.0
6b90f847357d8981edd79a1eb1bf0acb,organic_search,online_medium,construction_tools_house_garden,45,4059.73,4.36,90.22,100.0
54c04bdb5ec46762f8f08c7e8f86ed4a,organic_search,online_medium,food_supplement,18,3757.7799999999997,4.32,208.77,100.0
5bc24d989e71e93c33e50a7782431b0e,paid_search,online_medium,car_accessories,17,3736.5299999999997,4.35,219.8,100.0
bce6a5ecf98e99fd2a8868b15c51f04b,paid_search,online_medium,watches,14,3706.5,4.13,264.75,100.0
b494891378bd8f4560abe576c52deacd,organic_search,online_top,health_beauty,20,3270.82,4.64,163.54,95.0
56e361f411e38dcef17cdc2a3d99628b,organic_search,industry,audio_video_electronics,5,3155.76,4.5,631.15,100.0
cac876b37d3abcd6bd76caca30277996,paid_search,online_big,home_decor,27,2958.79,4.56,109.58,100.0
7238a95bb63ef7e498389fb863b834a1,paid_search,online_big,construction_tools_house_garden,15,2835.1099999999997,4.73,189.01,100.0
c013e57c075a06e5b5c48ee03c525719,social,online_medium,pet,42,2828.66,4.16,67.35,100.0
df91910b6a03bb2e3358fa6a35e32f6f,referral,online_medium,food_drink,14,2707.12,4.36,193.37,92.86
cfe94489ddd337d1e29e12f2a7205d10,unknown,online_medium,construction_tools_house_garden,20,2672.82,4.12,133.64,100.0
77a515caa36327151d1cc6c32a9f00e1,paid_search,industry,stationery,26,2613.58,4.42,100.52,100.0
34f563c82a85b99ae9e6d60db5fc2e28,organic_search,online_medium,audio_video_electronics,8,2578.5,4.62,322.31,100.0
723cd880edaacdb998898b67c8f9da30,paid_search,online_medium,bed_bath_table,11,2549.6299999999997,4.17,231.78,100.0
165b1235e9e9942cb5fae67103576fb0,paid_search,online_big,home_decor,11,2489.8,4.31,226.35,100.0
6aa3928696eab49a19a466e665a649fd,unknown,online_medium,health_beauty,18,2410.68,4.55,133.93,100.0
54583ab379489add547fe47b628db589,unknown,online_medium,baby,10,2391.08,4.8,239.11,100.0
6a38087bc8ad4f89ff453561005f6dea,referral,online_big,computers,15,2381.35,4.41,158.76,100.0
7ade73f1b9b4e965f9009a4c3a7e2c15,organic_search,online_medium,household_utilities,27,2338.17,4.78,86.6,96.3
fac1a9017ade7bdc94058fc1c969f355,unknown,online_medium,computers,9,2222.91,4.7,246.99,100.0
3d2531eccfbde1d7c8db7a3a12fb267a,organic_search,online_medium,music_instruments,10,2212.6,4.22,221.26,100.0
d9a84e1403de8da0c3aa531d6d108ba6,organic_search,online_medium,toys,54,2157.34,4.56,39.95,98.15
8de8fe3af4449ed695d2434c933ed73e,organic_search,online_medium,air_conditioning,1,2155.35,5.0,2155.35,100.0
d1ef48b38baca7e831711c4a0aeb398f,organic_search,online_medium,construction_tools_house_garden,29,2144.69,4.43,73.95,96.55
ffc470761de7d0232558ba5e786e57b7,unknown,online_big,construction_tools_house_garden,28,2087.13,4.3,74.54,96.43
094ced053e257ae8cae57205592d6712,direct_traffic,online_medium,health_beauty,19,1978.23,4.05,104.12,100.0
ca4b77513ac2040591b0d8fae6958380,social,online_medium,health_beauty,14,1973.6200000000001,4.47,140.97,100.0
c3e1abd72a42fe690fcd89cf5720fe29,organic_search,online_big,pet,13,1967.58,4.46,151.35,100.0
f3c38ab652836d21de61fb8314b69182,paid_search,online_small,computers,15,1828.59,4.27,121.91,100.0
cbf09e831b0c11f6f23ffb51004db972,organic_search,online_top,household_utilities,10,1815.4,4.4,181.54,100.0
01fd077212124329bac32490e8ef80d9,unknown,online_medium,household_utilities,31,1783.3600000000001,4.31,57.53,100.0
5e105f5c9f63f5f1fd75d6cb942e55b1,unknown,online_medium,home_decor,8,1745.73,4.5,218.22,100.0
d4ffeb15b67e81ff9af2b4252d99fb7e,unknown,online_medium,bags_backpacks,11,1724.81,4.3,156.8,100.0
671585f5a2af58b6e276bc01003c0d2b,social,online_medium,household_utilities,27,1692.1100000000001,4.7,62.67,100.0
c5f7e746b7e6d07def6c0dae9903279b,organic_search,industry,pet,10,1658.92,4.45,165.89,100.0
186cdd1b2df32caa72cfb410bba768d3,unknown,online_small,household_utilities,6,1609.73,5.0,268.29,100.0
88cf19ec1fc2c58f161aee259d57142c,organic_search,online_big,household_utilities,14,1607.68,4.5,114.83,100.0
985c92cc412091f8529c12d7f23d3fef,referral,offline,health_beauty,12,1606.63,4.75,133.89,100.0
11fb6f6d341adbe19e81733701704635,paid_search,online_medium,home_decor,3,1596.6599999999999,5.0,532.22,100.0
dace965ca58120f92f8d742a9fa1864b,organic_search,online_beginner,health_beauty,8,1573.77,4.62,196.72,100.0
5bf397d04035b5f45cc41e82ec106803,direct_traffic,offline,household_utilities,3,1572.28,4.25,524.09,100.0
d7827b2af99326a03b0ed9c7a24db0d3,paid_search,online_big,construction_tools_house_garden,1,1556.7,5.0,1556.7,100.0
2646baaf662d4d92ac48f047e35db92d,unknown,online_medium,construction_tools_house_garden,15,1549.3899999999999,4.56,103.29,100.0
da7039f29f90ce5b4846ffc0fcc93beb,organic_search,online_medium,audio_video_electronics,17,1503.55,4.56,88.44,100.0
04843805947f0fc584fc1969b6e50fe7,social,online_big,home_decor,1,1474.76,5.0,1474.76,100.0
30a81d8cf85fb2ada1b1b094c9583a95,unknown,online_top,pet,17,1413.52,4.85,83.15,100.0
7ff588a03c2aeae4fbd23f9ae64b760d,paid_search,online_big,car_accessories,14,1403.38,4.69,100.24,100.0
788e857f317e53de488d393e65a80f45,organic_search,online_medium,bags_backpacks,11,1394.95,4.91,126.81,100.0
2cb6eb1b7185064167657fa09f541105,paid_search,online_medium,home_decor,6,1382.68,4.43,230.45,100.0
4eeb99008a0f59d2c7759c59f9a346eb,paid_search,online_medium,audio_video_electronics,2,1320.95,4.5,660.48,100.0
76ea5315acb3f5f7ade3cd261faf922a,paid_search,online_big,car_accessories,15,1311.08,4.27,87.41,100.0
1cbd32d00d01bb8087a5eb088612fd9c,organic_search,online_big,health_beauty,11,1289.53,4.25,117.23,100.0
4a1f694197d05fe70026b016a7316b41,paid_search,online_medium,home_decor,14,1278.75,4.39,91.34,100.0
596849622429351f47b32e6cae1055ff,unknown,online_medium,phone_mobile,14,1265.19,4.0,90.37,92.86
03a2a6dcbe45d639c4dc2a0d24769c40,social,online_beginner,construction_tools_house_garden,9,1250.66,4.11,138.96,100.0
980640c45d7a4635885491d077167e4d,unknown,online_medium,bags_backpacks,14,1246.6599999999999,4.64,89.05,100.0
8fbd63429be6d3e5e6d1a709b6464802,organic_search,industry,car_accessories,6,1240.97,4.62,206.83,100.0
41da412d33e8da4f22baf55cb1bde82c,paid_search,industry,food_supplement,15,1237.06,4.71,82.47,100.0
fe87f472055fbcf1d7e691c00b1560dc,other,online_medium,home_decor,6,1215.96,4.5,202.66,100.0
bf00385a5f7fc1ef39a13c2e9ee50a5f,social,online_big,audio_video_electronics,29,1213.03,4.31,41.83,96.55
18e694e0e48ed6f7aa3f24aade5fd697,unknown,online_medium,computers,31,1205.77,4.68,38.9,100.0
2d42ebcda99fd55f6f4bc2f1ca035d50,social,online_big,home_decor,10,1203.97,4.0,120.4,100.0
28f10b1c5e5abb9d4857745bede6147c,social,online_big,audio_video_electronics,28,1185.42,4.0,42.34,100.0
eb72802c83dc7547529c9546d1a9b8ef,organic_search,online_medium,health_beauty,8,1181.63,4.62,147.7,100.0
3d5d0dc7073a299e31fa718ce1bc00b6,paid_search,online_medium,health_beauty,23,1178.13,4.17,51.22,91.3
e58a5b390e28abc0b216cfb0e07d27d7,organic_search,online_medium,bags_backpacks,7,1167.23,4.86,166.75,100.0
d66c11a9572221d92fbb8c4897db5f9b,direct_traffic,industry,household_utilities,16,1164.3799999999999,4.56,72.77,100.0
c54679b132454625907c773d273d4126,paid_search,online_medium,health_beauty,7,1139.93,4.88,162.85,100.0
33cbbec1e7e1044aaf11d152172c776f,unknown,online_big,household_utilities,15,1129.5,4.69,75.3,100.0
7d7d2b7a51328016102d4528c411d630,unknown,offline,home_decor,7,1098.85,4.14,156.98,100.0
6025c79c035c3d772133b8b8238463b2,unknown,online_medium,car_accessories,2,1098.33,5.0,549.16,100.0
ffad1e7127fb622cb64a900751590acd,organic_search,online_medium,home_decor,10,1090.83,4.87,109.08,100.0
ae45df84722b1d15c5f32b23a095746c,organic_search,online_small,health_beauty,9,1065.49,4.83,118.39,100.0
9d681c7e12db302cb261e721040dde65,organic_search,online_small,sports_leisure,13,1058.68,4.93,81.44,100.0
74636e24f01da9268b0ed88dacd8513e,paid_search,online_medium,toys,4,1048.6100000000001,4.0,262.15,100.0
28872dc528e978a639754bc8c2ce5a4c,paid_search,online_medium,household_utilities,1,1038.9,5.0,1038.9,100.0
caa9bc43a9fe8cf9c564ddd8a03cc4a6,unknown,online_medium,toys,13,1037.74,4.69,79.83,100.0
e8dba4d70f7f2b20e775d09cae01142d,direct_traffic,online_big,bags_backpacks,9,1032.3899999999999,4.33,114.71,100.0
bd4431c1a8dfa744b59e1e2a8bc99b9e,paid_search,offline,health_beauty,7,1013.59,4.57,144.8,100.0
6f83d9e4da896daae20b9b6b2d3ff8d2,organic_search,industry,household_utilities,11,985.0400000000001,4.36,89.55,100.0
da6a60cc8cc724fe51be021ff8be779c,organic_search,online_big,books,12,984.5799999999999,4.77,82.05,100.0
5c3460cd3e8a984382ae254e7dd20d9f,social,online_small,baby,9,974.3,4.7,108.26,100.0
e5cbe890e679490127e9a390b46bbd20,paid_search,online_top,food_supplement,2,937.71,4.5,468.86,100.0
e1c76f339ebd5460999f25a2aa8c92c5,email,online_medium,small_appliances,1,928.6999999999999,5.0,928.7,100.0
c8cc60ffd415254af5d9b9f34f32c369,social,online_medium,pet,8,916.23,4.67,114.53,100.0
7c51de0ab286204ce75ff42bf7c10d92,direct_traffic,online_medium,food_supplement,4,908.64,4.5,227.16,100.0
dc64d75cc406bb0697be983831430e60,organic_search,online_small,audio_video_electronics,4,905.55,4.75,226.39,100.0
59cea8e446d3834393058e7e0666b6fb,unknown,online_big,small_appliances,10,901.14,4.6,90.11,100.0
b16d3dadc47d4eb18be3d88bad0775ce,paid_search,online_medium,sports_leisure,10,900.54,4.36,90.05,100.0
07de60b03d150fb3ea09eab5da5e4c8b,unknown,industry,bed_bath_table,9,889.0,4.33,98.78,100.0
fd435faa3c0422b60440ea3480d0e77c,unknown,online_big,music_instruments,1,882.87,5.0,882.87,100.0
70bf57d811208f8923b41bbd499a67a4,direct_traffic,online_medium,small_appliances,7,869.73,4.14,124.25,100.0
89a51f50b8095ea78d5768f34c13a76f,paid_search,online_small,health_beauty,10,854.26,4.73,85.43,100.0
11742f81550ac064cc9a40f67151d9ad,paid_search,online_medium,home_appliances,2,831.01,5.0,415.5,100.0
55c26bcb609f480eb7868594245febb5,organic_search,online_big,baby,6,826.23,4.0,137.71,100.0
a56e351445e5863fc8960640ba9190c7,direct_traffic,online_small,home_decor,3,825.98,4.25,275.33,100.0
0a85ebe4e328db81ac9109781205e2f7,organic_search,online_medium,home_decor,12,805.65,4.58,67.14,100.0
7b98de631987e26dd6d803490c43a13c,organic_search,industry,construction_tools_house_garden,8,778.6300000000001,4.62,97.33,100.0
b64d51f0435e884e8de603b1655155ae,paid_search,online_medium,household_utilities,17,773.54,4.13,45.5,100.0
aae5e7b457a3c72ee230a47d98fceda5,paid_search,industry,bed_bath_table,5,745.5699999999999,4.14,149.11,100.0
c84592044b180dec206770c38603814b,unknown,online_medium,audio_video_electronics,15,736.2,4.2,49.08,93.33
9c1c0c36cd23c20897e473901a8fb149,organic_search,online_medium,food_drink,6,717.04,5.0,119.51,100.0
3f9be91358837bff69df67edfa3e42e8,paid_search,online_medium,pet,7,702.0600000000001,4.43,100.29,100.0
6e4a902d1054e4e17aa6eab87fac1c75,direct_traffic,offline,audio_video_electronics,7,695.7,4.25,99.39,100.0
2e7ea2aafec5835e781b21d6d1faf1f1,email,online_medium,health_beauty,7,646.62,4.5,92.37,100.0
bb2afe2061d53c6968aa0cffa233a8ec,organic_search,online_medium,sports_leisure,5,644.02,4.83,128.8,100.0
ce616e1913288884e7742faac9d981db,direct_traffic,online_big,construction_tools_house_garden,15,640.03,4.67,42.67,93.33
f9ec7093df3a7b346b7bcf7864069ca3,paid_search,online_medium,small_appliances,9,638.1300000000001,4.78,70.9,100.0
5f5a58930c3c35f3b5af264f34fb8c85,organic_search,online_medium,air_conditioning,3,628.59,5.0,209.53,100.0
cd2169d9f31ff6fbb9ca3373b0c9e354,paid_search,online_medium,audio_video_electronics,1,625.33,4.0,625.33,100.0
4a82168aaef173cbb6e46ae88728f919,paid_search,online_big,health_beauty,4,612.39,4.0,153.1,100.0
08d1c9478fb0d7d7fcac9c0da4e82fc7,paid_search,online_medium,home_decor,1,605.5699999999999,5.0,605.57,100.0
e433f5fd4050e3352b5d83522b7fe24b,organic_search,online_medium,construction_tools_house_garden,1,596.77,4.0,596.77,100.0
f22a247b79dd22ecd91dc8e3b2a1b07c,unknown,online_medium,health_beauty,8,574.84,4.0,71.86,100.0
4e480be820e37de1444325ff358c9296,unknown,online_big,car_accessories,1,573.74,5.0,573.74,100.0
fadb07c842a2aef5d5a676b85f220e71,unknown,online_medium,sports_leisure,7,570.37,4.71,81.48,100.0
09bad886111255c5b5030314fc7f1a4a,unknown,offline,handcrafted,5,560.36,5.0,112.07,100.0
48e954b2da4f6a750c844173b347ed40,social,online_small,food_drink,2,556.81,4.17,278.4,100.0
0ddefe3c7a032b91f4e25b9c3a08fca1,paid_search,online_small,household_utilities,9,552.9,4.5,61.43,100.0
86ff3eaef0267069cc891a2ed9d10a17,unknown,online_medium,sports_leisure,7,550.36,4.71,78.62,100.0
5dc203c7b84a0e71e878a179de05fb9a,organic_search,industry,construction_tools_house_garden,5,550.05,4.0,110.01,100.0
117cfc326c6d50da67ca858ff5c0c852,organic_search,online_medium,household_utilities,5,536.08,4.6,107.22,100.0
ee2fbacc2fc3794e656cc4d933d59ce7,unknown,online_big,small_appliances,2,518.7,4.33,259.35,100.0
761681a821d8275bc79f552116d06869,organic_search,online_big,home_decor,3,514.9000000000001,5.0,171.63,100.0
41b14765bd56c8ad10971074380f9c0c,paid_search,industry,computers,8,514.63,4.1,64.33,100.0
7816cd9c5b1238e320545f5bf7eb80e8,organic_search,online_big,construction_tools_house_garden,1,511.76,4.0,511.76,100.0
ce20a2ec1514c25e16f2b5b39bc818f0,organic_search,online_medium,pet,4,496.03,4.86,124.01,100.0
64c9a1db4e73e19aaafd3286dc448c96,organic_search,online_medium,household_utilities,1,482.6,5.0,482.6,100.0
dc50afafdfa325eadc890c7fa42a8f4e,,online_big,audio_video_electronics,4,481.48,4.75,120.37,100.0
a11a0e0ca67423425691db355cff69b0,paid_search,online_medium,car_accessories,2,476.97999999999996,5.0,238.49,100.0
f12d3c2a14729ae461b920c11fe20fdc,organic_search,online_big,home_decor,9,459.32,4.27,51.04,100.0
b67d6c666e8dce1d078c882825e12704,unknown,online_medium,sports_leisure,7,457.03,4.88,65.29,100.0
94d76e96eedd976258cd3278ce56d5f2,organic_search,online_big,construction_tools_house_garden,1,454.17,5.0,454.17,100.0
6bd503a8230299c9316fb0f726933927,paid_search,online_big,health_beauty,4,453.89,4.6,113.47,100.0
d263fa444c1504a75cbca5cc465f592a,direct_traffic,offline,gifts,1,444.07,5.0,444.07,100.0
4a23adac87cf538689fa600d976f78b2,paid_search,industry,health_beauty,3,440.40999999999997,4.33,146.8,100.0
9ac4f14370b1e24ddc58be041b7f99df,direct_traffic,online_medium,bags_backpacks,5,436.65,4.4,87.33,100.0
61b18775be84fb700a6b2d0ba097bf66,paid_search,industry,pet,4,436.01,4.6,109.0,100.0
c1849d4d32d7a6cecd5aa471809d3135,paid_search,offline,party,3,430.71000000000004,4.33,143.57,100.0
a64e44665225d19dfc0277eeeaaccc57,unknown,online_medium,food_supplement,6,426.76,5.0,71.13,100.0
508808d438fe2ff972ed13bb8f4a82e2,social,online_big,home_decor,10,417.46999999999997,4.27,41.75,90.0
131fcb0a0c9a47bba4474aacff0f14b7,paid_search,online_medium,home_appliances,4,406.41,4.0,101.6,100.0
184725737946a1a938bbbd1a9e978103,unknown,online_big,fashion_accessories,3,403.57000000000005,4.67,134.52,100.0
b9ec22de23f18567de0e09d776ca0309,unknown,online_medium,stationery,2,382.47,5.0,191.24,100.0
ea4e9ce63a2134743b4a92777437fcdd,organic_search,online_medium,audio_video_electronics,3,382.3,4.75,127.43,100.0
9cf787a239c1aa29dbd76f153dc13f9a,unknown,online_medium,fashion_accessories,4,368.4,4.75,92.1,100.0
0cab2da43793a6f3c5ed8514c5f54627,,offline,bags_backpacks,3,366.90000000000003,5.0,122.3,100.0
8c9348f33ae3dada25c99c99ade2af78,paid_search,online_small,construction_tools_house_garden,2,364.93,5.0,182.46,100.0
ec8463980a4e0ea9f8517aea1ed0c419,organic_search,online_medium,home_decor,2,357.96,5.0,178.98,100.0
bbe87dce25ba8b38bb61cc7210a3f10b,organic_search,online_big,construction_tools_house_garden,2,355.39,5.0,177.7,100.0
eb9267cccc90f1b49c8d2f9887c7dd97,organic_search,online_medium,sports_leisure,1,346.27,5.0,346.27,100.0
e94b64dc6979b302a5a5be1662c83bb6,organic_search,online_medium,home_decor,2,338.63,5.0,169.32,100.0
33d677f27a69b84051204ee4ae76eaca,direct_traffic,offline,food_drink,9,338.49,4.6,37.61,100.0
c70a353f02429c00775a46a75fb787da,social,online_medium,health_beauty,6,336.94,4.67,56.16,100.0
c611f4ce9ce875bcc063fa97fd4d7d12,,online_medium,construction_tools_house_garden,1,332.25,4.0,332.25,100.0
83c465a786b06574376909b35ef6752a,paid_search,offline,handcrafted,3,330.46,5.0,110.15,100.0
53088c75f948b48a7ece173ac17f0c12,unknown,offline,health_beauty,3,316.23,5.0,105.41,100.0
31be790e64fc99f8ff48ec2bd18a3104,social,online_beginner,household_utilities,6,313.67999999999995,4.33,52.28,100.0
87d73636a3acf123e842bb890a4db036,paid_search,online_medium,household_utilities,1,313.60999999999996,5.0,313.61,100.0
d594982fd877af63ace38ea1fca27c76,organic_search,industry,audio_video_electronics,7,309.7,4.43,44.24,100.0
85ecf03781da592876b7844acc1b729f,organic_search,online_medium,health_beauty,2,294.9,4.5,147.45,100.0
1e26c56af8d48424e1df0140a2401f83,referral,offline,construction_tools_house_garden,2,292.39,5.0,146.2,100.0
6548c2550b6e2d8f18053216e1c7b6f3,organic_search,online_medium,household_utilities,3,287.55,5.0,95.85,100.0
2d2322d842118867781fc737e96d59a1,direct_traffic,online_medium,household_utilities,8,281.37,4.9,35.17,100.0
05e107217c7266362fd44b75b2cd4cc4,organic_search,online_medium,stationery,5,275.39,4.12,55.08,100.0
5e9f5bd34e0830569f05c9d4f56e04a8,organic_search,online_medium,bags_backpacks,2,274.86,4.5,137.43,100.0
929f342384a6607afe143d789ade1316,unknown,online_small,construction_tools_house_garden,4,272.76,5.0,68.19,100.0
28c7d8743fbc8679f484868cc0fcaefb,social,offline,health_beauty,3,270.36,5.0,90.12,100.0
4c1c7281388a33dd06daac44f9fadbd1,social,online_medium,stationery,5,269.90999999999997,4.8,53.98,100.0
762fafdaa57a532ee0119731697579dd,unknown,online_beginner,toys,5,260.87,5.0,52.17,100.0
8a8835a43bda99fd37310ad76c457510,referral,online_big,car_accessories,2,258.54,4.33,129.27,100.0
902c99f1ac505c0d18778b61bcd636f7,organic_search,online_medium,gifts,4,258.12,4.0,64.53,75.0
7f5e4d5efad7e44b91115dd1decb65f3,organic_search,online_medium,audio_video_electronics,3,257.32,5.0,85.77,100.0
e0a3c37054ade6478d923a6efc10f308,paid_search,online_beginner,baby,2,254.98000000000002,5.0,127.49,100.0
269c5fc9fcadee614364c3620c30a1f9,paid_search,offline,bags_backpacks,3,254.72,5.0,84.91,100.0
a663d9c3797e90eac99ff60939416a56,unknown,online_beginner,computers,1,249.08,5.0,249.08,100.0
bec568278124768c474ee90971ca94d1,paid_search,online_beginner,home_decor,2,249.06,4.5,124.53,100.0
751e274377499a8503fd6243ad9c56f6,paid_search,online_big,audio_video_electronics,1,235.84,5.0,235.84,100.0
4f0d637c1197fd65405ebd755ac9f86b,paid_search,online_medium,health_beauty,2,232.47000000000003,5.0,116.24,100.0
6f835fd4be26989b1b064399da346143,unknown,online_medium,audio_video_electronics,2,229.25,5.0,114.62,100.0
1cbdc7cf130a41fd13a3c2a7d2fcfda7,unknown,offline,bed_bath_table,2,225.61,5.0,112.8,100.0
651530bf5c607240ccdd89a30c9c9712,paid_search,industry,bags_backpacks,1,224.45000000000002,4.0,224.45,100.0
377bc18334c78dd2f1535ef22a3ad225,unknown,online_big,car_accessories,1,224.44,5.0,224.44,100.0
dda37071807e404c5bb2a1590c66326f,paid_search,online_small,bags_backpacks,1,219.27,5.0,219.27,100.0
3289d8c3eef4873f91ce0b1343c0dd58,referral,online_small,sports_leisure,1,219.27,5.0,219.27,100.0
ca7c6bd577e559472af1c699de9e764e,email,online_medium,health_beauty,6,218.82,4.0,36.47,100.0
7d7866a99a8656a42c7ff6352a433410,organic_search,offline,household_utilities,5,207.38,4.4,41.48,100.0
7adbd3210a7b3cc2235e225eef33574d,organic_search,online_medium,household_utilities,3,204.86,4.67,68.29,100.0
964ff64dc05b13811c6d0f41e0aa5f6b,unknown,online_big,home_decor,1,204.06,5.0,204.06,100.0
698f5fa55a5f73d0740e9d9a773e8093,paid_search,offline,health_beauty,4,203.99,4.83,51.0,100.0
88cd3681e0a2ba85e190f7d817629c4c,paid_search,online_big,car_accessories,1,199.36,4.0,199.36,100.0
e1643dff33666ca629e3644c02738179,paid_search,offline,household_utilities,3,199.31,4.33,66.44,100.0
880ce4951cf857ab1d9e0b75c1d856f4,organic_search,industry,car_accessories,1,197.72,5.0,197.72,100.0
57df9869a600bd6b7c405f2a862eccfb,paid_search,online_medium,household_utilities,5,197.21,4.4,39.44,100.0
52a50b42accf164f9f019941e5759d9b,organic_search,online_small,food_drink,4,197.02,4.75,49.26,100.0
3ea08c48e851106d2f584349daba335f,social,online_medium,baby,1,192.94,4.0,192.94,100.0
0e72c1a751b496722a6cb1f10653b62a,direct_traffic,industry,books,3,192.10000000000002,4.67,64.03,100.0
657969cca82e884d272385ec0ef06edd,social,industry,fashion_accessories,3,191.56,4.67,63.85,100.0
044668ccd5316b12a7cf0d54a156e3e9,unknown,offline,food_drink,3,191.35000000000002,5.0,63.78,100.0
44ed138eca6214d572ce1d813fb0049b,unknown,offline,health_beauty,2,185.79999999999998,4.67,92.9,100.0
99cd94252748d2bdde08e17858233602,social,online_medium,pet,2,181.32000000000002,4.5,90.66,100.0
89757206b887aed36f3e18d858460fea,unknown,online_medium,bags_backpacks,2,176.14,5.0,88.07,100.0
e9c2dc0dd4ac38448289be644ac94f42,direct_traffic,online_medium,sports_leisure,3,174.61,5.0,58.2,100.0
2039c5e51785b5dde7cf93ccb3b7be2c,paid_search,online_beginner,audio_video_electronics,1,173.68,5.0,173.68,100.0
3903c788ded8dc03b5ebab37a2f3e9a1,unknown,online_big,household_utilities,5,171.25,4.0,34.25,100.0
44717f64ec2a457979cf83c429077666,direct_traffic,online_medium,handcrafted,2,170.91,5.0,85.46,100.0
4867209cb29b56b92893d7bde3ce8012,paid_search,online_small,health_beauty,1,169.15,4.0,169.15,100.0
2d34636518ba88f5349b732fcf8ba2e4,unknown,industry,computers,1,168.63,5.0,168.63,100.0
59bbc819b99a733f02f0d6b49d1c253d,organic_search,online_medium,car_accessories,2,162.75,5.0,81.38,100.0
19d62d484cba71963c93f0f00ab42013,unknown,online_top,home_decor,1,162.59,4.0,162.59,100.0
398cb257329ef7af7f1943a8974a3cbc,organic_search,online_medium,food_drink,1,161.37,5.0,161.37,100.0
36f98ad67cc981f50ce8aed093d5783c,social,online_small,audio_video_electronics,2,158.62,4.0,79.31,100.0
5f57db27027655e6c6a391601daa0258,paid_search,online_medium,household_utilities,1,151.04,5.0,151.04,100.0
d8bf0fc082fd4a77fc2e5679b6c00133,organic_search,online_medium,construction_tools_house_garden,1,149.04000000000002,5.0,149.04,100.0
2fa13c8bd5705d279f7ed5cc9ec61c68,unknown,online_medium,health_beauty,2,148.7,5.0,74.35,100.0
693660429f9dc4ff704eb3d88dad54d7,social,online_medium,audio_video_electronics,2,148.12,4.0,74.06,100.0
c092292535a57dacd95a8765f5518f87,display,online_medium,construction_tools_house_garden,1,143.98,5.0,143.98,100.0
160851d3ece7aa1a510f8d1a4bb8a8af,unknown,industry,construction_tools_house_garden,2,141.14999999999998,5.0,70.57,100.0
a69aa24cec11168e7e39a3fbc727e925,organic_search,online_big,health_beauty,3,140.29,5.0,46.76,100.0
bba8d0c234a52b87b3957037a215d1a4,direct_traffic,online_small,home_decor,1,139.53,5.0,139.53,100.0
01266d4c46afa519678d16a8b683d325,unknown,online_small,construction_tools_house_garden,3,137.48000000000002,5.0,45.83,100.0
623ad9d0c1e14bb5464a8c72bff7b4af,paid_search,online_big,household_utilities,1,133.96,4.0,133.96,100.0
674207551483fec113276b67b0d871ff,direct_traffic,online_medium,household_utilities,1,133.84,5.0,133.84,100.0
2aafae69bf4c41fbd94053d9413e87ee,social,online_medium,stationery,2,123.87,4.5,61.94,100.0
9d213f303afae4983637247556438ede,paid_search,online_big,bed_bath_table,2,120.81,5.0,60.4,100.0
4fae87d32467e18eb46e4a76a0a0b9ce,organic_search,online_medium,small_appliances,1,120.80000000000001,5.0,120.8,100.0
2cb98e27ce1c18abdb42209b34c382a7,unknown,online_beginner,car_accessories,1,119.7,4.0,119.7,100.0
4fe2f67634d00c021aa01f96b6f2d68e,organic_search,online_small,food_supplement,2,118.84,5.0,59.42,100.0
271b8923c6a549e02d3c9fd1f8c0422b,unknown,offline,household_utilities,1,118.59,4.0,118.59,100.0
1c742ac33582852aaf3bcfbf5893abcf,organic_search,online_medium,health_beauty,1,113.69,5.0,113.69,100.0
d598f929fc44e1e38678e7f47250ec04,organic_search,industry,car_accessories,1,107.30000000000001,5.0,107.3,100.0
dedcab67899479e4ea5dcc4eba47f587,unknown,online_medium,car_accessories,2,105.64,4.5,52.82,100.0
a7d0f8dd44f57ef6de7f7f02e3d82630,email,online_medium,health_beauty,2,99.66999999999999,4.5,49.83,100.0
8fb67a334bacec338885b4e9e1708073,paid_search,online_medium,home_decor,1,98.42,5.0,98.42,100.0
97e50a621f8e801f4baf69e08687c192,social,online_small,toys,1,97.78,5.0,97.78,100.0
1a8e2d9c38b84a9702ac7922924b0573,paid_search,industry,household_utilities,1,97.0,5.0,97.0,100.0
b3809b8d4394588a47c8470ea331e135,direct_traffic,online_medium,audio_video_electronics,1,96.88,4.0,96.88,100.0
c8665a4dd081a2c436b1cd921079d0d9,direct_traffic,online_medium,car_accessories,1,93.53,5.0,93.53,100.0
5a4236931428800e9d9cc04af0987118,paid_search,online_medium,household_utilities,1,90.66,5.0,90.66,100.0
9b1f656ca3060f8af17a50d8a024b533,organic_search,online_medium,construction_tools_house_garden,2,88.68,5.0,44.34,100.0
f0ec78809fe0bc3edb11c9fe5b97b059,unknown,online_medium,household_utilities,2,86.25999999999999,4.0,43.13,100.0
3e35a8bb43569389d3cebef0ce820f69,unknown,industry,food_drink,1,84.67999999999999,5.0,84.68,100.0
447d377bdb757058acb569025ee18a93,organic_search,online_medium,toys,1,83.00999999999999,5.0,83.01,100.0
6ebf4eceee4dd9847201c82e77ef8123,direct_traffic,online_beginner,health_beauty,1,82.03,5.0,82.03,100.0
dd5450b022b2d00a2145a66331e1aef6,social,online_medium,household_utilities,1,81.34,5.0,81.34,100.0
1d953075c2f0dd990bacf27b83b330f1,organic_search,online_medium,computers,1,78.32,5.0,78.32,100.0
9140ef75cc8211c4035935e80e567204,paid_search,industry,pet,1,72.18,5.0,72.18,100.0
c963a25b8671419c6ce9eebe8fd03218,paid_search,online_medium,home_decor,1,68.32,5.0,68.32,100.0
0b1ca3ef18a63d7eb0c8897fa0849c08,organic_search,industry,health_beauty,1,62.87,5.0,62.87,100.0
4125d9385a25e82d2f72d3a0fd55bc3f,direct_traffic,online_medium,home_decor,1,61.3,5.0,61.3,100.0
cad10cc982ab6a391570c211b995c17c,email,online_medium,pet,1,60.19,5.0,60.19,100.0
05a48cc8859962767935ab9087417fbb,unknown,online_beginner,fashion_accessories,1,59.39,5.0,59.39,100.0
535bf14f36346c7f59d87cece104d70c,paid_search,online_medium,home_decor,1,57.769999999999996,4.0,57.77,100.0
d63f306de130e0391d38a792541723b8,organic_search,online_medium,car_accessories,1,56.6,5.0,56.6,100.0
a213f1bd6458f4a158f3746cb2514559,paid_search,online_beginner,computers,1,55.95,5.0,55.95,100.0
8b181ee5518df84f18f4e1a43fe07923,unknown,online_medium,health_beauty,1,54.98,5.0,54.98,100.0
bb7ad8a45c027be8ab075b8e465f8ca0,paid_search,industry,household_utilities,2,52.620000000000005,5.0,26.31,100.0
e116c7455dd26a4d8c3e92532583905f,unknown,online_big,health_beauty,1,51.54,4.0,51.54,0.0
7d81e74a4755b552267cd5e081563028,paid_search,industry,construction_tools_house_garden,1,39.99,4.0,39.99,100.0
f1fdf2d13186575751aa25876536d85c,organic_search,online_big,sports_leisure,1,34.59,5.0,34.59,100.0
ce4755084bc097113867e6454f8f5e52,paid_search,industry,health_beauty,1,31.689999999999998,5.0,31.69,100.0
5e063e85d44b0f5c3e6ec3131103a57e,organic_search,online_big,health_beauty,1,30.32,5.0,30.32,100.0
